Source File	Size	loadResources	load	generateSnapshots	load-configure	scan	loadDepInfo	loadInfo	checkR4R4B	generateNarratives	validate	loadLists	checkConformanceResources	checkConformanceResources2	checkConformanceResources3	generateLogicalMaps	validateExpressions	scanForUsageStats	checkURLsUnique	processProvenanceDetails	generate1	generate2	generateLogicals	makeDependencies	generateExampleZip	generateValidationPack	scanProfilesForR5	scanExamplesForR5
\fsh-generated\resources\ImplementationGuide-ths-greifswald.ttp-fhir-gw.gpas.json	15832	-	0	0	0	0	0	0	6	69	0	0	0	0	0	0	0	0	0	0	109	122	0	0	0	20	0	0
fsh-generated/resources/CodeSystem-BloomfilterTypeCS.json	955	0	0	0	0	0	0	0	0	0	0	0	0	0	0	0	0	0	0	0	16	448	0	0	0	0	0	0
fsh-generated/resources/CodeSystem-ConsentComponentTypeCS.json	1131	0	0	0	0	0	0	0	0	15	0	0	0	0	0	0	0	0	0	0	15	53	0	0	0	0	0	0
fsh-generated/resources/CodeSystem-ConsentPolicyActionCS.json	12089	0	0	0	0	0	0	0	0	0	0	0	0	0	0	0	0	0	0	0	38	47	0	0	0	0	0	0
fsh-generated/resources/CodeSystem-ConsentPolicyActorCS.json	3078	15	0	0	0	0	0	0	0	16	0	0	0	0	0	0	0	0	0	0	16	47	0	0	0	0	0	0
fsh-generated/resources/CodeSystem-ConsentPolicyClassCS.json	12272	0	0	0	0	0	0	0	0	0	0	0	0	0	0	0	0	0	0	0	47	38	0	0	0	0	0	0
fsh-generated/resources/CodeSystem-ConsentPolicyPurposeCS.json	26682	0	0	0	0	0	0	0	16	16	0	0	0	0	0	0	0	0	0	0	69	69	0	0	0	8	0	0
fsh-generated/resources/CodeSystem-ConsentStatusCS.json	4784	7	0	0	0	0	0	0	0	15	0	0	0	0	0	0	0	0	0	0	15	46	0	0	0	2	0	0
fsh-generated/resources/CodeSystem-DesignationUseCS.json	1038	0	0	0	0	0	0	0	0	0	0	0	0	0	0	0	0	0	0	0	22	32	0	0	0	0	0	0
fsh-generated/resources/CodeSystem-IdMatchingTypeCS.json	1043	0	0	0	0	0	0	0	0	0	0	0	0	0	0	0	0	0	0	0	16	22	0	0	0	0	0	0
fsh-generated/resources/CodeSystem-IdatElementsCS.json	1937	0	0	0	0	0	0	0	0	16	0	0	0	0	0	0	0	0	0	0	16	31	0	0	0	0	0	0
fsh-generated/resources/CodeSystem-MatchStatusCS.json	1463	0	0	0	0	0	0	0	0	0	0	0	0	0	0	0	0	0	0	0	15	31	0	0	0	0	0	0
fsh-generated/resources/CodeSystem-PolicyCS.json	13174	0	0	0	0	0	0	0	0	0	0	0	0	0	0	0	0	0	0	0	69	38	0	0	0	0	0	0
fsh-generated/resources/CodeSystem-SaveActionCS.json	1219	0	0	0	0	0	0	0	0	15	0	0	0	0	0	0	0	0	0	0	16	31	0	0	0	0	0	0
fsh-generated/resources/OperationDefinition-AnonymizeOriginals.json	2575	0	0	0	0	0	0	0	0	31	0	0	0	0	0	0	0	0	0	0	17	16	0	0	0	0	0	0
fsh-generated/resources/OperationDefinition-DePseudonymize.json	3348	0	0	0	0	0	0	0	0	16	0	0	0	0	0	0	0	0	0	0	22	16	0	0	0	0	0	0
fsh-generated/resources/OperationDefinition-DeletePseudonyms.json	2305	16	0	0	0	0	0	0	0	0	0	0	0	0	0	0	0	0	0	0	30	15	0	0	0	61	0	0
fsh-generated/resources/OperationDefinition-InsertValuePseudonymPairs.json	3283	0	0	0	0	0	0	0	0	0	0	0	0	0	0	0	0	0	0	0	15	22	0	0	0	0	0	0
fsh-generated/resources/OperationDefinition-Pseudonymize.json	3169	0	0	0	0	0	0	0	0	16	0	0	0	0	0	0	0	0	0	0	16	16	0	0	0	0	0	0
fsh-generated/resources/OperationDefinition-PseudonymizeAllowCreate.json	3556	0	0	0	0	0	0	0	0	0	0	0	0	0	0	0	0	0	0	0	31	16	0	0	0	0	0	0
fsh-generated/resources/OperationDefinition-PseudonymizeSecondary.json	3800	0	0	0	0	0	0	0	0	16	0	0	0	0	0	0	0	0	0	0	37	15	0	0	0	0	0	0
fsh-generated/resources/Parameters-Parameters-AnonymizeOriginals-request-example-1.json	335	0	0	0	0	0	0	0	0	0	0	0	0	0	0	0	0	0	0	0	0	32	0	0	0	0	0	0
fsh-generated/resources/Parameters-Parameters-AnonymizeOriginals-response-example-1.json	1407	0	0	0	0	0	0	0	0	0	0	0	0	0	0	0	0	0	0	0	16	37	0	0	0	0	0	0
fsh-generated/resources/Parameters-Parameters-DePseudonymize-request-example-1.json	333	0	0	0	0	0	0	0	0	0	0	0	0	0	0	0	0	0	0	0	16	16	0	0	0	0	0	0
fsh-generated/resources/Parameters-Parameters-DePseudonymize-response-example-1.json	1344	15	0	0	0	0	0	0	0	0	0	0	0	0	0	0	0	0	0	0	15	16	0	0	0	0	0	0
fsh-generated/resources/Parameters-Parameters-DePseudonymize-response-example-2.json	1193	0	0	0	0	0	0	0	0	0	0	0	0	0	0	0	0	0	0	0	0	0	0	0	0	0	0	0
fsh-generated/resources/Parameters-Parameters-DeletePseudonyms-request-example-1.json	333	0	0	0	0	0	0	0	0	0	0	0	0	0	0	0	0	0	0	0	16	15	0	0	0	0	0	0
fsh-generated/resources/Parameters-Parameters-DeletePseudonyms-response-example-1.json	1405	0	0	0	0	0	0	0	0	0	0	0	0	0	0	0	0	0	0	0	16	16	0	0	0	0	0	0
fsh-generated/resources/Parameters-Parameters-InsertValuePseudonymPairs-request-example-1.json	450	0	0	0	0	0	0	0	0	0	0	0	0	0	0	0	0	0	0	0	15	16	0	0	0	0	0	0
fsh-generated/resources/Parameters-Parameters-InsertValuePseudonymPairs-response-example-1.json	948	0	0	0	0	0	0	0	0	0	0	0	0	0	0	0	0	0	0	0	7	6	0	0	0	0	0	0
fsh-generated/resources/Parameters-Parameters-InsertValuePseudonymPairs-response-example-2.json	587	0	0	0	0	0	0	0	0	0	0	0	0	0	0	0	0	0	0	0	15	16	0	0	0	0	0	0
fsh-generated/resources/Parameters-Parameters-Pseudonymize-request-example-1.json	329	0	0	0	0	0	0	0	0	0	0	0	0	0	0	0	0	0	0	0	0	15	0	0	0	0	0	0
fsh-generated/resources/Parameters-Parameters-Pseudonymize-response-example-1.json	1344	0	0	0	0	0	0	0	0	0	0	0	0	0	0	0	0	0	0	0	16	0	0	0	0	0	0	0
fsh-generated/resources/Parameters-Parameters-Pseudonymize-response-example-2.json	1189	16	0	0	0	0	0	0	0	0	0	0	0	0	0	0	0	0	0	0	16	16	0	0	0	0	0	0
fsh-generated/resources/Parameters-Parameters-PseudonymizeAllowCreate-request-example-1.json	340	0	0	0	0	0	0	0	0	0	0	0	0	0	0	0	0	0	0	0	15	16	0	0	0	0	0	0
fsh-generated/resources/Parameters-Parameters-PseudonymizeAllowCreate-response-example-1.json	1355	0	0	0	0	0	0	0	0	0	0	0	0	0	0	0	0	0	0	0	0	0	0	0	0	0	0	0
fsh-generated/resources/Parameters-Parameters-PseudonymizeSecondary-request-example-1.json	435	0	0	0	0	0	0	0	0	0	0	0	0	0	0	0	0	0	0	0	16	15	0	0	0	0	0	0
fsh-generated/resources/Parameters-Parameters-PseudonymizeSecondary-response-example-1.json	1764	0	0	0	0	0	0	0	0	0	0	0	0	0	0	0	0	0	0	0	22	16	0	0	0	0	0	0
fsh-generated/resources/Parameters-Parameters-PseudonymizeSecondary-response-example-2.json	574	0	0	0	0	0	0	0	0	0	0	0	0	0	0	0	0	0	0	0	0	6	0	0	0	0	0	0
fsh-generated/resources/ValueSet-BloomfilterTypeVS.json	824	0	0	0	0	0	0	0	0	28	0	0	0	0	0	0	0	0	0	0	16	63	0	0	0	0	0	0
fsh-generated/resources/ValueSet-ConsentComponentTypeVS.json	2124	0	0	0	0	0	0	0	0	11	0	0	0	0	0	0	0	0	0	0	31	69	0	0	0	8	0	0
fsh-generated/resources/ValueSet-ConsentPolicyActionVS.json	836	15	0	0	0	0	0	0	0	0	0	0	0	0	0	0	0	0	0	0	0	31	0	0	0	0	0	0
fsh-generated/resources/ValueSet-ConsentPolicyActorVS.json	832	0	0	0	0	0	0	0	0	0	0	0	0	0	0	0	0	0	0	0	16	31	0	0	0	0	0	0
fsh-generated/resources/ValueSet-ConsentPolicyClassVS.json	832	0	0	0	0	0	0	0	0	15	0	0	0	0	0	0	0	0	0	0	15	23	0	0	0	0	0	0
fsh-generated/resources/ValueSet-ConsentPolicyPurposeVS.json	840	0	0	0	0	0	0	0	0	0	0	0	0	0	0	0	0	0	0	0	16	62	0	0	0	0	0	0
fsh-generated/resources/ValueSet-ConsentStatusConsentFullValuesVS.json	1963	0	0	0	0	0	0	0	0	0	0	0	0	0	0	0	0	0	0	0	7	54	0	0	0	2	0	0
fsh-generated/resources/ValueSet-ConsentStatusConsentOptOutFullValuesVS.json	1694	0	0	0	0	0	0	0	0	16	0	0	0	0	0	0	0	0	0	0	15	46	0	0	0	0	0	0
fsh-generated/resources/ValueSet-ConsentStatusConsentOptOutShortValuesVS.json	1255	0	0	0	0	0	0	0	0	0	0	0	0	0	0	0	0	0	0	0	16	38	0	0	0	0	0	0
fsh-generated/resources/ValueSet-ConsentStatusConsentShortValuesVS.json	1524	0	0	0	0	0	0	0	0	0	0	0	0	0	0	0	0	0	0	0	15	47	0	0	0	0	0	0
fsh-generated/resources/ValueSet-ConsentStatusObjectionFullValuesVS.json	1667	0	0	0	0	0	0	0	0	16	0	0	0	0	0	0	0	0	0	0	16	38	0	0	0	0	0	0
fsh-generated/resources/ValueSet-ConsentStatusObjectionShortValuesVS.json	1228	16	0	0	0	0	0	0	0	0	0	0	0	0	0	0	0	0	0	0	16	31	0	0	0	0	0	0
fsh-generated/resources/ValueSet-ConsentStatusRefusalFullValuesVS.json	1961	0	0	0	0	0	0	0	0	0	0	0	0	0	0	0	0	0	0	0	15	31	0	0	0	0	0	0
fsh-generated/resources/ValueSet-ConsentStatusRefusalShortValuesVS.json	1531	0	0	0	0	0	0	0	0	0	0	0	0	0	0	0	0	0	0	0	7	38	0	0	0	8	0	0
fsh-generated/resources/ValueSet-ConsentStatusVS.json	2671	0	0	0	0	0	0	0	0	15	0	0	0	0	0	0	0	0	0	0	31	78	0	0	0	2	0	0
fsh-generated/resources/ValueSet-ConsentStatusWithdrawalFullValuesVS.json	1982	0	0	0	0	0	0	0	0	0	0	0	0	0	0	0	0	0	0	0	16	38	0	0	0	0	0	0
fsh-generated/resources/ValueSet-ConsentStatusWithdrawalShortValuesVS.json	1542	0	0	0	0	0	0	0	16	0	0	0	0	0	0	0	0	0	0	0	15	32	0	0	0	0	0	0
fsh-generated/resources/ValueSet-IdMatchingTypeVS.json	1412	0	0	0	0	0	0	0	0	0	0	0	0	0	0	0	0	0	0	0	0	52	0	0	0	0	0	0
fsh-generated/resources/ValueSet-IdatElementsVS.json	3457	0	0	0	0	0	0	0	0	16	0	0	0	0	0	0	0	0	0	0	38	79	0	0	0	0	0	0
fsh-generated/resources/ValueSet-MatchStatusVS.json	2240	0	0	0	0	0	0	0	0	0	0	0	0	0	0	0	0	0	0	0	16	78	0	0	0	0	0	0
fsh-generated/resources/ValueSet-PolicyStatusVS.json	1518	16	0	0	0	0	0	0	0	0	0	0	0	0	0	0	0	0	0	0	15	60	0	0	0	0	0	0
fsh-generated/resources/ValueSet-PolicyVS.json	788	0	0	0	0	0	0	0	0	11	0	0	0	0	0	0	0	0	0	0	0	316	0	0	0	0	0	0
fsh-generated/resources/ValueSet-SaveActionVS.json	1641	6	0	0	0	0	0	0	0	0	0	0	0	0	0	0	0	0	0	0	32	47	0	0	0	0	0	0
\input\includes\artifacts-table-generator.html	1494	-	-	-	0	0	0	0	0	0	0	0	0	0	0	0	0	0	0	0	0	0	0	0	0	0	0	0
\fsh-generated\includes\fsh-link-references.md	4763	-	-	-	0	0	0	0	0	0	0	0	0	0	0	0	0	0	0	0	0	0	0	0	0	0	0	0
\fsh-generated\includes\menu.xml	2036	-	-	-	0	0	0	0	0	0	0	0	0	0	0	0	0	0	0	0	0	0	0	0	0	0	0	0
\input\pagecontent\Allgemein.md	4451	-	-	-	0	0	0	0	0	0	0	0	0	0	0	0	0	0	0	0	0	0	0	0	0	0	0	0
\input\pagecontent\index.md	526	-	-	-	0	0	0	0	0	0	0	0	0	0	0	0	0	0	0	0	0	0	0	0	0	0	0	0
\input\pagecontent\OperationDefinition-AnonymizeOriginals-intro.md	396	-	-	-	0	0	0	0	0	0	0	0	0	0	0	0	0	0	0	0	0	0	0	0	0	0	0	0
\input\pagecontent\OperationDefinition-AnonymizeOriginals-notes.md	1326	-	-	-	0	0	0	0	0	0	0	0	0	0	0	0	0	0	0	0	0	0	0	0	0	0	0	0
\input\pagecontent\OperationDefinition-DeletePseudonyms-intro.md	382	-	-	-	0	0	0	0	0	0	0	0	0	0	0	0	0	0	0	0	0	0	0	0	0	0	0	0
\input\pagecontent\OperationDefinition-DeletePseudonyms-notes.md	1393	-	-	-	0	0	0	0	0	0	0	0	0	0	0	0	0	0	0	0	0	0	0	0	0	0	0	0
\input\pagecontent\OperationDefinition-DePseudonymize-intro.md	350	-	-	-	0	0	0	0	0	0	0	0	0	0	0	0	0	0	0	0	0	0	0	0	0	0	0	0
\input\pagecontent\OperationDefinition-DePseudonymize-notes.md	1385	-	-	-	0	0	0	0	0	0	0	0	0	0	0	0	0	0	0	0	0	0	0	0	0	0	0	0
\input\pagecontent\OperationDefinition-InsertValuePseudonymPairs-intro.md	511	-	-	-	0	0	0	0	0	0	0	0	0	0	0	0	0	0	0	0	0	0	0	0	0	0	0	0
\input\pagecontent\OperationDefinition-InsertValuePseudonymPairs-notes.md	1074	-	-	-	0	0	0	0	0	0	0	0	0	0	0	0	0	0	0	0	0	0	0	0	0	0	0	0
\input\pagecontent\OperationDefinition-Pseudonymize-intro.md	360	-	-	-	0	0	0	0	0	0	0	0	0	0	0	0	0	0	0	0	0	0	0	0	0	0	0	0
\input\pagecontent\OperationDefinition-Pseudonymize-notes.md	1378	-	-	-	0	0	0	0	0	0	0	0	0	0	0	0	0	0	0	0	0	0	0	0	0	0	0	0
\input\pagecontent\OperationDefinition-PseudonymizeAllowCreate-intro.md	459	-	-	-	0	0	0	0	0	0	0	0	0	0	0	0	0	0	0	0	0	0	0	0	0	0	0	0
\input\pagecontent\OperationDefinition-PseudonymizeAllowCreate-notes.md	1150	-	-	-	0	0	0	0	0	0	0	0	0	0	0	0	0	0	0	0	0	0	0	0	0	0	0	0
\input\pagecontent\OperationDefinition-PseudonymizeSecondary-intro.md	535	-	-	-	0	0	0	0	0	0	0	0	0	0	0	0	0	0	0	0	0	0	0	0	0	0	0	0
\input\pagecontent\OperationDefinition-PseudonymizeSecondary-notes.md	1198	-	-	-	0	0	0	0	0	0	0	0	0	0	0	0	0	0	0	0	0	0	0	0	0	0	0	0
\template\config	0	-	-	-	0	0	0	0	0	0	0	0	0	0	0	0	0	0	0	0	0	0	0	0	0	0	0	0
\template\config\_config.yml	140	-	-	-	0	0	0	0	0	0	0	0	0	0	0	0	0	0	0	0	0	0	0	0	0	0	0	0
\temp\pages\_includes\artifacts.xml	21571	-	-	-	-	-	-	-	-	-	-	-	-	-	-	-	-	-	-	-	-	0	0	0	0	0	0	0
